<?xml version="1.0" encoding="UTF-8"?>
<teamcity-plugin xmlns:xsi="http://www.w3.org/2001/XMLSchema-instance"
                 xsi:noNamespaceSchemaLocation="urn:shemas-jetbrains-com:teamcity-plugin-v1-xml">
  <info>
    <name>jonnyzzz.node</name>
    <display-name>Node.js build runner</display-name>
    <version>1.0.124</version> <!-- will be replaced from script -->
    <vendor>
      <name>Eugene Petrenko</name>  <!-- will be replaced from script -->
      <url>http://blog.jonnyzzz.name</url> <!-- will be replaced from script -->
    </vendor>
  </info>
  <deployment use-separate-classloader="true"/>
</teamcity-plugin>
